<?xml version="1.0" encoding="UTF-8"?>
<project-private xmlns="http://www.netbeans.org/ns/project-private/1">
    <editor-bookmarks xmlns="http://www.netbeans.org/ns/editor-bookmarks/2" lastBookmarkId="0"/>
    <open-files xmlns="http://www.netbeans.org/ns/projectui-open-files/2">
        <group>
            <file>file:/C:/Users/Cozmina/Documents/NetBeansProjects/Pet-Shop-App/src/StergeProduse.java</file>
            <file>file:/C:/Users/Cozmina/Documents/NetBeansProjects/Pet-Shop-App/src/ConectareDB.java</file>
            <file>file:/C:/Users/Cozmina/Documents/NetBeansProjects/Pet-Shop-App/src/AdaugaProdus.java</file>
            <file>file:/C:/Users/Cozmina/Documents/NetBeansProjects/Pet-Shop-App/src/InterfataAdmin.java</file>
            <file>file:/C:/Users/Cozmina/Documents/NetBeansProjects/Pet-Shop-App/src/Register.java</file>
            <file>file:/C:/Users/Cozmina/Documents/NetBeansProjects/Pet-Shop-App/src/AdaugaProdusCos.java</file>
            <file>file:/C:/Users/Cozmina/Documents/NetBeansProjects/Pet-Shop-App/src/Utilizator.java</file>
            <file>file:/C:/Users/Cozmina/Documents/NetBeansProjects/Pet-Shop-App/src/Comanda.java</file>
            <file>file:/C:/Users/Cozmina/Documents/NetBeansProjects/Pet-Shop-App/src/RegisterAdmin.java</file>
            <file>file:/C:/Users/Cozmina/Documents/NetBeansProjects/Pet-Shop-App/src/Produs.java</file>
            <file>file:/C:/Users/Cozmina/Documents/NetBeansProjects/Pet-Shop-App/src/Necesar.java</file>
        </group>
    </open-files>
</project-private>
